{"name":"build-javascript","namedChunkGroups":{"app":{"name":"app","assets":[{"name":"webpack-runtime-4ef7129275f786d93a9e.js","size":3622},{"name":"framework-ebc27ea3affdbee9d7fe.js","size":140771},{"name":"styles.4914ad522a29b94d8f51.css","size":18123},{"name":"app-ae93fcd5e2119bf69704.js","size":61706}],"filteredAssets":0,"assetsSize":224222,"filteredAuxiliaryAssets":4,"auxiliaryAssetsSize":719128},"component---src-pages-404-js":{"name":"component---src-pages-404-js","assets":[{"name":"component---src-pages-404-js-1c18a2ed3da96de7fa38.js","size":392}],"filteredAssets":0,"assetsSize":392,"filteredAuxiliaryAssets":1,"auxiliaryAssetsSize":512},"component---src-pages-index-js":{"name":"component---src-pages-index-js","assets":[{"name":"component---src-pages-index-js-02672a08e5be1f859f05.js","size":142500}],"filteredAssets":0,"assetsSize":142500,"filteredAuxiliaryAssets":20,"auxiliaryAssetsSize":25856395}},"assetsByChunkName":{"app":["webpack-runtime-4ef7129275f786d93a9e.js","framework-ebc27ea3affdbee9d7fe.js","styles.4914ad522a29b94d8f51.css","app-ae93fcd5e2119bf69704.js"],"component---src-pages-404-js":["component---src-pages-404-js-1c18a2ed3da96de7fa38.js"],"component---src-pages-index-js":["component---src-pages-index-js-02672a08e5be1f859f05.js"]},"childAssetsByChunkName":{}}