{"name":"build-javascript","namedChunkGroups":{"app":{"name":"app","assets":[{"name":"webpack-runtime-b6d00949e20d0075839c.js","size":3790},{"name":"framework-ebc27ea3affdbee9d7fe.js","size":140771},{"name":"styles.31ef264e8fa13cac1804.css","size":6976},{"name":"app-bc817c7f34340b17c058.js","size":61928}],"filteredAssets":0,"assetsSize":213465,"filteredAuxiliaryAssets":3,"auxiliaryAssetsSize":591181},"component---src-pages-404-js":{"name":"component---src-pages-404-js","assets":[{"name":"component---src-pages-404-js-1c18a2ed3da96de7fa38.js","size":392}],"filteredAssets":0,"assetsSize":392,"filteredAuxiliaryAssets":1,"auxiliaryAssetsSize":486},"component---src-pages-index-js":{"name":"component---src-pages-index-js","assets":[{"name":"component---src-pages-index-js-c6210b9b3bf6e61e04bd.js","size":18005}],"filteredAssets":0,"assetsSize":18005,"filteredAuxiliaryAssets":2,"auxiliaryAssetsSize":129727}},"assetsByChunkName":{"app":["webpack-runtime-b6d00949e20d0075839c.js","framework-ebc27ea3affdbee9d7fe.js","styles.31ef264e8fa13cac1804.css","app-bc817c7f34340b17c058.js"],"component---src-pages-404-js":["component---src-pages-404-js-1c18a2ed3da96de7fa38.js"],"component---src-pages-index-js":["component---src-pages-index-js-c6210b9b3bf6e61e04bd.js"]},"childAssetsByChunkName":{}}