{"name":"build-javascript","namedChunkGroups":{"app":{"name":"app","assets":[{"name":"webpack-runtime-e61c4cc667e8e88b4349.js","size":3787},{"name":"framework-ebc27ea3affdbee9d7fe.js","size":140771},{"name":"styles.ff88a56a3722a259f111.css","size":18738},{"name":"app-59f36b19d75de18d5f72.js","size":61706}],"filteredAssets":0,"assetsSize":225002,"filteredAuxiliaryAssets":4,"auxiliaryAssetsSize":719611},"component---src-pages-404-js":{"name":"component---src-pages-404-js","assets":[{"name":"component---src-pages-404-js-1c18a2ed3da96de7fa38.js","size":392}],"filteredAssets":0,"assetsSize":392,"filteredAuxiliaryAssets":1,"auxiliaryAssetsSize":512},"component---src-pages-index-js":{"name":"component---src-pages-index-js","assets":[{"name":"component---src-pages-index-js-2951b34ffd215b0e5282.js","size":153372}],"filteredAssets":0,"assetsSize":153372,"filteredAuxiliaryAssets":27,"auxiliaryAssetsSize":25774017}},"assetsByChunkName":{"app":["webpack-runtime-e61c4cc667e8e88b4349.js","framework-ebc27ea3affdbee9d7fe.js","styles.ff88a56a3722a259f111.css","app-59f36b19d75de18d5f72.js"],"component---src-pages-404-js":["component---src-pages-404-js-1c18a2ed3da96de7fa38.js"],"component---src-pages-index-js":["component---src-pages-index-js-2951b34ffd215b0e5282.js"]},"childAssetsByChunkName":{}}