{"name":"build-javascript","namedChunkGroups":{"app":{"name":"app","assets":[{"name":"webpack-runtime-63db891702f30d310d80.js","size":3797},{"name":"framework-ebc27ea3affdbee9d7fe.js","size":140771},{"name":"styles.db86b831c73ac1a696a9.css","size":7183},{"name":"app-c33f96fa81339c5a388f.js","size":62075}],"filteredAssets":0,"assetsSize":213826,"filteredAuxiliaryAssets":3,"auxiliaryAssetsSize":591215},"component---src-pages-404-js":{"name":"component---src-pages-404-js","assets":[{"name":"component---src-pages-404-js-1c18a2ed3da96de7fa38.js","size":392}],"filteredAssets":0,"assetsSize":392,"filteredAuxiliaryAssets":1,"auxiliaryAssetsSize":512},"component---src-pages-[name]-index-js":{"name":"component---src-pages-[name]-index-js","assets":[{"name":"component---src-pages-[name]-index-js-d1f08d69c39c7e3e4427.js","size":18474}],"filteredAssets":0,"assetsSize":18474,"filteredAuxiliaryAssets":2,"auxiliaryAssetsSize":130693}},"assetsByChunkName":{"app":["webpack-runtime-63db891702f30d310d80.js","framework-ebc27ea3affdbee9d7fe.js","styles.db86b831c73ac1a696a9.css","app-c33f96fa81339c5a388f.js"],"component---src-pages-404-js":["component---src-pages-404-js-1c18a2ed3da96de7fa38.js"],"component---src-pages-[name]-index-js":["component---src-pages-[name]-index-js-d1f08d69c39c7e3e4427.js"]},"childAssetsByChunkName":{}}