{"name":"build-javascript","namedChunkGroups":{"app":{"name":"app","assets":[{"name":"webpack-runtime-8d108b08761ea1395013.js","size":3795},{"name":"styles.25c63c534bcbbf1fb504.css","size":18601},{"name":"framework-ebc27ea3affdbee9d7fe.js","size":140771},{"name":"app-6371d4b52fef9a229017.js","size":61802}],"filteredAssets":0,"assetsSize":224969,"filteredAuxiliaryAssets":6,"auxiliaryAssetsSize":1801296},"component---src-pages-404-js":{"name":"component---src-pages-404-js","assets":[{"name":"component---src-pages-404-js-1c18a2ed3da96de7fa38.js","size":392}],"filteredAssets":0,"assetsSize":392,"filteredAuxiliaryAssets":1,"auxiliaryAssetsSize":512},"component---src-pages-index-js":{"name":"component---src-pages-index-js","assets":[{"name":"styles.25c63c534bcbbf1fb504.css","size":18601},{"name":"component---src-pages-index-js-4f8d50d916cca5c100b8.js","size":182289}],"filteredAssets":0,"assetsSize":200890,"filteredAuxiliaryAssets":20,"auxiliaryAssetsSize":3654773}},"assetsByChunkName":{"app":["webpack-runtime-8d108b08761ea1395013.js","styles.25c63c534bcbbf1fb504.css","framework-ebc27ea3affdbee9d7fe.js","app-6371d4b52fef9a229017.js"],"component---src-pages-404-js":["component---src-pages-404-js-1c18a2ed3da96de7fa38.js"],"component---src-pages-index-js":["styles.25c63c534bcbbf1fb504.css","component---src-pages-index-js-4f8d50d916cca5c100b8.js"]},"childAssetsByChunkName":{}}